PGMS_PROGRAM_DESCR	PGMS_OBJECTIVE_KEY	PGMS_SUB_PROGRAM_DESCR	PGMS_SUB_PROGRAM_ID
Counselor Education	MA	School Counseling	129
Counselor Education	MA	Clinical Mental Health Counseling	889
Counselor Education	MA	Clinical Rehabilitation Counseling	1017
Counselor Education	MA	Rehabilitation Counseling Program	891
Counselor Education	PHD	Counselor Education and Supervision	240
Educational Policy and Leadership Studies	EDD	PK-12 Administration	907
Educational Policy and Leadership Studies	EDD	Higher Education	906
Educational Policy and Leadership Studies	EDS	Educational Leadership	711
Educational Policy and Leadership Studies	MA	Educational Leadership	711
Educational Policy and Leadership Studies	MA	Higher Education and Student Affairs	119
Educational Policy and Leadership Studies	PHD	Educational Leadership	711
Educational Policy and Leadership Studies	PHD	Schools, Culture and Society	259
Educational Policy and Leadership Studies	PHD	Higher Education and Student Affairs	119
Psychological and Quantitative Foundations	EDS	School Psychology	120
Psychological and Quantitative Foundations	MA	Educational Measurement and Statistics	134
Psychological and Quantitative Foundations	MA	Learning Sciences and Educational Psychology	951
Psychological and Quantitative Foundations	PHD	Educational Measurement and Statistics	134
Psychological and Quantitative Foundations	PHD	Learning Sciences and Educational Psychology	951
Psychological and Quantitative Foundations	PHD	Educational Psychology	133
Psychological and Quantitative Foundations	PHD	Counseling Psychology	242
Psychological and Quantitative Foundations	PHD	Couple and Family Therapy	880
Psychological and Quantitative Foundations	PHD	School Psychology	120
Teaching and Learning	MA	Art Education	303
Teaching and Learning	MA	Teaching, Leadership, and Cultural Competency	839
Teaching and Learning	MA	English Education	304
Teaching and Learning	MA	Special Education	305
Teaching and Learning	MA	Special Education - ABA	1011
Teaching and Learning	MAT	Art Education	303
Teaching and Learning	MAT	World Language Education	912
Teaching and Learning	MAT	Mathematics Education	299
Teaching and Learning	MAT	Social Studies Education	302
Teaching and Learning	MAT	Science Education	301
Teaching and Learning	MAT	English Education	304
Teaching and Learning	MS	STEM Education	851
Teaching and Learning	MS	Science Education	301
Teaching and Learning	PHD	Literacy, Culture, and Language Education	894
Teaching and Learning	PHD	Foreign Language and ESL Education	298
Teaching and Learning	PHD	Science Education	301
Teaching and Learning	PHD	Special Education	305
Teaching and Learning	PHD	Language, Literacy, and Social Studies Education	987
Teaching and Learning	PHD	Mathematics Education	299
Teaching and Learning	PHD	Language, Literacy, and Culture	295
